generation,best_so_far,best_reached,gen_best,gen_mean,gen_median,sigma,stagnation,local_search_improved,immigrants,evals,cache_hits,gen_seconds,wall_s
0,79.04247339693521,3,79.04247339693521,35.72717156777339,41.137951420097686,0.095,0,False,0,24,0,131.84,131.8
1,79.04247339693521,3,79.04247339693521,28.916688242966288,27.86532906072687,0.095,1,False,0,46,2,106.63,238.5
2,79.04247339693521,3,79.04247339693521,33.685940951978345,30.521237754495534,0.095,2,False,0,68,4,105.78,344.3
3,79.04247339693521,3,79.04247339693521,38.48647396065174,42.95470129692622,0.095,3,False,0,90,6,112.39,456.7
4,79.04247339693521,3,79.04247339693521,32.59299565704093,35.290780713145026,0.095,4,False,0,118,8,211.54,668.2
5,79.04247339693521,3,79.04247339693521,37.5467484620028,39.03294141340041,0.095,5,False,0,140,10,193.73,861.9
6,79.04247339693521,3,79.04247339693521,36.893337661275204,41.06465122371746,0.095,6,False,0,162,12,146.14,1008.1
7,79.04247339693521,3,79.04247339693521,38.95139616705058,40.91716572464783,0.095,7,False,0,184,14,144.23,1152.3
8,79.04247339693521,3,79.04247339693521,35.19205076124806,33.098603776972595,0.095,8,False,0,206,16,146.6,1298.9
9,84.82585863966595,3,84.82585863966595,37.665962840397334,41.61283011257776,0.09025,0,False,0,234,18,220.33,1519.3
10,91.57107234969489,3,91.57107234969489,42.415926612050306,45.50903292875795,0.0857375,0,False,0,256,20,170.95,1690.2
11,91.57107234969489,3,91.57107234969489,45.73920673802697,39.76637919149227,0.0857375,1,False,0,278,22,156.71,1847.0
12,91.57107234969489,3,91.57107234969489,39.027202315108234,38.89442940348506,0.0857375,2,False,0,300,24,120.89,1967.8
13,91.57107234969489,3,91.57107234969489,45.07559485317759,47.18179908654357,0.0857375,3,False,0,322,26,115.26,2083.1
14,91.57107234969489,3,91.57107234969489,52.24594919959403,51.05987633040334,0.0857375,4,False,0,350,28,153.93,2237.0
15,91.57107234969489,3,91.57107234969489,47.01801625449736,38.64205414047855,0.0857375,5,False,0,372,30,112.15,2349.2
16,94.63899294759518,4,94.63899294759518,52.649839292241815,58.71921060393048,0.08145062499999998,0,False,0,394,32,116.64,2465.9
17,94.63899294759518,4,94.63899294759518,53.02535779159779,50.363732528009805,0.08145062499999998,1,False,0,416,34,119.95,2585.8
18,94.63899294759518,4,94.63899294759518,51.20153197246383,52.46328194516135,0.08145062499999998,2,False,0,438,36,142.93,2728.8
19,94.63899294759518,4,94.63899294759518,43.60860736024133,44.386210477418985,0.08145062499999998,3,False,0,466,38,177.08,2905.8
20,94.63899294759518,4,94.63899294759518,46.800218092334916,47.82530311970929,0.08145062499999998,4,False,0,488,40,122.45,3028.3
21,94.63899294759518,4,94.63899294759518,45.141467016658204,42.696133742554316,0.08145062499999998,5,False,0,510,42,99.18,3127.5
22,100.2867002812939,4,100.2867002812939,45.65958735527469,46.80597158833973,0.07737809374999999,0,False,0,532,44,104.82,3232.3
23,100.2867002812939,4,100.2867002812939,48.034823001346915,46.810460735228254,0.07737809374999999,1,False,0,554,46,110.34,3342.7
24,100.2867002812939,4,100.2867002812939,52.73481063974691,51.933718513778615,0.07737809374999999,2,False,0,582,48,143.59,3486.3
25,104.33559668886653,4,104.33559668886653,59.08540802020573,59.40415307156365,0.07350918906249998,0,False,0,604,50,111.23,3607.2
26,104.33559668886653,4,104.33559668886653,49.08762392506694,46.24651330321701,0.07350918906249998,1,False,0,626,52,100.21,3707.5
27,104.33559668886653,4,104.33559668886653,61.47532050907855,70.89593057111385,0.07350918906249998,2,False,0,648,54,106.69,3814.2
28,104.33559668886653,4,104.33559668886653,55.8643497803648,55.68614493709896,0.07350918906249998,3,False,0,670,56,107.4,3921.6
29,104.33559668886653,4,104.33559668886653,60.79193028313563,59.73687080208794,0.07350918906249998,4,False,0,698,58,146.32,4067.9
30,104.33559668886653,4,104.33559668886653,60.04976079346869,62.52506833105227,0.07350918906249998,5,False,0,720,60,110.12,4178.0
31,104.33559668886653,4,104.33559668886653,51.097127799897315,48.29887355933996,0.07350918906249998,6,False,0,742,62,98.45,4276.5
32,104.33559668886653,4,104.33559668886653,55.448187812949435,66.28035325407019,0.07350918906249998,7,False,0,764,64,106.39,4382.8
33,104.33559668886653,4,104.33559668886653,55.59105867571834,61.6976760970001,0.07350918906249998,8,False,0,786,66,114.28,4497.1
34,104.33559668886653,4,104.33559668886653,62.2443644481205,67.15621115054459,0.07350918906249998,9,False,0,814,68,150.71,4647.8
35,104.33559668886653,4,104.33559668886653,57.45042776566916,59.01633669454907,0.07350918906249998,10,False,0,836,70,127.67,4775.5
36,108.08008303366776,5,108.08008303366776,66.6710964976019,66.58173208036438,0.06983372960937498,0,False,0,858,72,116.5,4892.0
37,108.08008303366776,5,108.08008303366776,49.20723328659861,50.04314851693723,0.06983372960937498,1,False,0,880,74,101.79,4993.8
38,108.08008303366776,5,108.08008303366776,50.86960117569075,47.250355668451,0.06983372960937498,2,False,0,902,76,133.72,5127.5
39,108.08008303366776,5,108.08008303366776,57.86605877991897,61.407791184126296,0.06983372960937498,3,False,0,930,78,166.5,5294.1
40,108.08008303366776,5,108.08008303366776,52.862994949161454,48.480319494055514,0.06983372960937498,4,False,0,952,80,140.55,5434.6
41,108.08008303366776,5,108.08008303366776,43.97730453262102,44.03273918245693,0.06983372960937498,5,False,0,974,82,101.79,5536.4
42,108.08008303366776,5,108.08008303366776,48.839301668860564,47.161370524545745,0.06983372960937498,6,False,0,996,84,119.83,5656.3
43,108.08008303366776,5,108.08008303366776,49.71101073115471,52.78250489872611,0.06983372960937498,7,False,0,1018,86,120.33,5776.6
44,108.08008303366776,5,108.08008303366776,59.13610514940131,64.31334641499495,0.06983372960937498,8,False,0,1046,88,133.81,5910.4
45,108.08008303366776,5,108.08008303366776,57.50975004230302,58.93960646231524,0.06983372960937498,9,False,0,1068,90,114.83,6025.2
46,108.08008303366776,5,108.08008303366776,52.295243090660215,57.22665829158724,0.06983372960937498,10,False,0,1090,92,104.46,6129.7
47,108.08008303366776,5,108.08008303366776,62.2847072510001,64.3912974545609,0.06983372960937498,11,False,0,1112,94,115.56,6245.3
48,108.08008303366776,5,108.08008303366776,61.91096580171305,62.29618766708861,0.06983372960937498,12,False,0,1134,96,130.18,6375.5
49,108.08008303366776,5,108.08008303366776,55.628176512952344,60.13552489532568,0.06983372960937498,13,False,0,1162,98,143.15,6518.6
50,108.08008303366776,5,108.08008303366776,53.728711147200805,53.14971391074108,0.06983372960937498,14,False,0,1184,100,118.3,6644.9
51,108.08008303366776,5,108.08008303366776,48.13214033465226,46.468637079262926,0.09078384849218747,15,False,0,1206,102,132.54,6777.5
52,108.08008303366776,5,108.08008303366776,52.835264448059746,51.75595785614626,0.09078384849218747,16,False,0,1228,104,101.6,6879.1
53,108.08008303366776,5,108.08008303366776,52.53564593016887,60.39873202056674,0.09078384849218747,17,False,0,1250,106,95.2,6974.3
54,108.08008303366776,5,108.08008303366776,49.76347731712477,45.91054110772012,0.09078384849218747,18,False,0,1278,108,141.97,7116.3
55,108.08008303366776,5,108.08008303366776,44.23156633100444,34.840686712354376,0.09078384849218747,19,False,0,1300,110,110.68,7226.9
56,108.08008303366776,5,108.08008303366776,47.977997328070096,33.15991524608113,0.09078384849218747,20,False,0,1322,112,103.71,7330.7
57,108.08008303366776,5,108.08008303366776,45.96429601735735,45.675010194671785,0.09078384849218747,21,False,0,1344,114,96.85,7427.5
58,108.08008303366776,5,108.08008303366776,43.02996967042042,35.13020969548788,0.09078384849218747,22,False,0,1366,116,91.59,7519.1
59,108.08008303366776,5,108.08008303366776,49.874738511623406,44.44469240907728,0.09078384849218747,23,False,0,1394,118,121.42,7640.5
60,108.53318621719129,5,108.53318621719129,47.654583735607254,38.324928591990485,0.0862446560675781,0,False,0,1416,120,89.56,7730.1
61,108.53318621719129,5,108.53318621719129,50.0962936947138,40.22744852964152,0.0862446560675781,1,False,0,1438,122,97.31,7827.4
62,119.31828703703704,6,119.31828703703704,52.88140100378707,46.664419399659984,0.0819324232641992,0,False,0,1460,124,105.3,7932.7
63,119.31828703703704,6,119.31828703703704,48.87109155461883,45.025065772218404,0.0819324232641992,1,False,0,1482,126,93.56,8026.3
64,119.31828703703704,6,119.31828703703704,51.46562271130309,46.95912485796879,0.0819324232641992,2,False,0,1510,128,122.86,8149.1
65,119.31828703703704,6,119.31828703703704,48.20081098931336,49.47536384268219,0.0819324232641992,3,False,0,1532,130,85.91,8235.1
66,119.31828703703704,6,119.31828703703704,47.65848589902788,35.51604086705061,0.0819324232641992,4,False,0,1554,132,90.66,8325.7
67,119.31828703703704,6,119.31828703703704,47.14909163267316,43.46790070737357,0.0819324232641992,5,False,0,1576,134,88.1,8413.8
68,119.31828703703704,6,119.31828703703704,49.08024045214353,53.500800017788485,0.0819324232641992,6,False,0,1598,136,86.98,8500.8
69,119.31828703703704,6,119.31828703703704,63.0493201414238,72.19025209384375,0.0819324232641992,7,False,0,1626,138,124.47,8625.3
70,120.28356481481482,6,120.28356481481482,61.3530696148545,55.49088918773599,0.07783580210098923,0,False,0,1648,140,97.89,8723.2
71,120.28356481481482,6,120.28356481481482,55.19584463513407,43.85384602161869,0.07783580210098923,1,False,0,1670,142,92.45,8815.6
72,120.28356481481482,6,120.28356481481482,61.30199320171764,62.87117266380665,0.07783580210098923,2,False,0,1692,144,99.82,8915.5
73,120.28356481481482,6,120.28356481481482,65.93701992128068,78.89381431741742,0.07783580210098923,3,False,0,1714,146,90.36,9005.8
74,120.28356481481482,6,120.28356481481482,65.47546676072197,65.56998192389874,0.07783580210098923,4,False,0,1742,148,130.88,9136.7
75,120.28356481481482,6,120.28356481481482,60.1052457033146,62.07434521956886,0.07783580210098923,5,False,0,1764,150,95.96,9243.1
76,120.28356481481482,6,120.28356481481482,62.34448312526673,67.98439853157976,0.07783580210098923,6,False,0,1786,152,95.52,9338.6
77,120.28356481481482,6,120.28356481481482,69.72913339517939,74.20090033569247,0.07783580210098923,7,False,0,1808,154,100.16,9438.8
78,123.60300925925927,6,123.60300925925927,60.6884158862812,62.65589124110535,0.07394401199593977,0,False,0,1830,156,87.42,9526.2
79,123.60300925925927,6,123.60300925925927,69.87119063779939,72.4982883556752,0.07394401199593977,1,False,0,1858,158,131.22,9657.4
80,123.60300925925927,6,123.60300925925927,53.371109138347954,35.73521840707347,0.07394401199593977,2,False,0,1880,160,83.77,9741.2
81,123.60300925925927,6,123.60300925925927,57.60895321496394,47.482667702837304,0.07394401199593977,3,False,0,1902,162,95.08,9836.3
82,123.60300925925927,6,123.60300925925927,65.89010322005986,66.7129708499473,0.07394401199593977,4,False,0,1924,164,92.65,9928.9
83,123.60300925925927,6,123.60300925925927,60.27557319003668,58.939516795431295,0.07394401199593977,5,False,0,1946,166,91.45,10020.4
84,123.60300925925927,6,123.60300925925927,58.87937193380305,46.8092107930314,0.07394401199593977,6,False,0,1974,168,114.73,10135.1
85,123.60300925925927,6,123.60300925925927,61.52354459743747,55.70217740878145,0.07394401199593977,7,False,0,1996,170,92.42,10227.5
86,123.60300925925927,6,123.60300925925927,62.026596137172156,68.06790528853224,0.07394401199593977,8,False,0,2018,172,95.0,10322.5
87,126.4872685185185,6,126.4872685185185,63.71736497649158,59.38389136927765,0.07024681139614278,0,False,0,2040,174,89.61,10412.1
88,126.4872685185185,6,126.4872685185185,60.64969511723968,60.15219086228234,0.07024681139614278,1,False,0,2062,176,94.09,10506.2
89,126.4872685185185,6,126.4872685185185,67.65397862758927,74.36464312385257,0.07024681139614278,2,False,0,2090,178,125.49,10631.7
90,126.4872685185185,6,126.4872685185185,58.061570205288376,38.43060437861068,0.07024681139614278,3,False,0,2112,180,87.66,10719.4
91,126.4872685185185,6,126.4872685185185,65.6797915341701,64.94451410886754,0.07024681139614278,4,False,0,2134,182,90.33,10809.7
92,126.4872685185185,6,126.4872685185185,59.661658778744346,59.75620382773429,0.07024681139614278,5,False,0,2156,184,93.45,10903.2
93,126.4872685185185,6,126.4872685185185,61.681744507880744,55.89104560036965,0.07024681139614278,6,False,0,2178,186,90.32,10993.5
94,126.4872685185185,6,126.4872685185185,72.18215379970975,64.14209487903135,0.07024681139614278,7,False,0,2206,188,124.36,11117.9
95,126.4872685185185,6,126.4872685185185,60.80981478319338,58.5666418749081,0.07024681139614278,8,False,0,2228,190,99.57,11217.4
96,126.4872685185185,6,126.4872685185185,60.82191560365764,53.274635988095554,0.07024681139614278,9,False,0,2250,192,95.91,11313.3
97,126.4872685185185,6,126.4872685185185,67.39159036146758,74.80649628486873,0.07024681139614278,10,False,0,2272,194,91.63,11405.0
98,126.4872685185185,6,126.4872685185185,61.40181302634192,74.67000505098233,0.07024681139614278,11,False,0,2294,196,90.44,11495.4
99,126.4872685185185,6,126.4872685185185,68.9720692214381,69.79089126925885,0.07024681139614278,12,False,0,2321,199,114.39,11609.8
100,126.4872685185185,6,126.4872685185185,71.36974069222781,78.47177969769079,0.07024681139614278,13,False,0,2343,201,94.59,11714.5
101,126.4872685185185,6,126.4872685185185,59.599985969447346,61.0479298388576,0.07024681139614278,14,False,0,2365,203,88.52,11803.0
102,126.4872685185185,6,126.4872685185185,64.52646882404447,63.08198258583704,0.09132085481498561,15,False,0,2387,205,99.26,11902.3
103,126.4872685185185,6,126.4872685185185,57.11652748158324,52.09920988871969,0.09132085481498561,16,False,0,2409,207,87.35,11989.7
104,126.4872685185185,6,126.4872685185185,59.98480849856356,59.19222226822758,0.09132085481498561,17,False,0,2437,209,117.5,12107.2
105,126.4872685185185,6,126.4872685185185,62.67624730181305,68.81145172125733,0.09132085481498561,18,False,0,2459,211,83.24,12190.4
106,126.4872685185185,6,126.4872685185185,61.77891952340471,67.29680866025409,0.09132085481498561,19,False,0,2481,213,87.82,12278.2
107,126.4872685185185,6,126.4872685185185,57.087323889721596,50.92899926607243,0.09132085481498561,20,False,0,2502,216,81.19,12359.4
108,126.4872685185185,6,126.4872685185185,53.392284921693154,47.76985303086725,0.09132085481498561,21,False,0,2524,218,87.77,12447.2
109,126.4872685185185,6,126.4872685185185,56.76439443570584,52.321484216066246,0.09132085481498561,22,False,0,2552,220,109.99,12557.2
110,126.4872685185185,6,126.4872685185185,64.92147097735104,66.13442624305688,0.09132085481498561,23,False,0,2574,222,92.69,12649.9
111,126.4872685185185,6,126.4872685185185,53.05395998743921,51.996284228758334,0.09132085481498561,24,False,0,2596,224,90.29,12740.2
112,126.4872685185185,6,126.4872685185185,60.47689174128836,68.19022876226452,0.09132085481498561,25,False,0,2618,226,91.58,12831.8
113,126.4872685185185,6,126.4872685185185,57.98967021160496,58.99321943741772,0.09132085481498561,26,False,0,2640,228,86.67,12918.4
114,126.4872685185185,6,126.4872685185185,59.92151172792529,59.9310081849932,0.09132085481498561,27,False,0,2668,230,126.22,13044.7
115,126.4872685185185,6,126.4872685185185,58.87453174238058,60.48014616331445,0.09132085481498561,28,False,0,2690,232,87.45,13132.1
116,126.4872685185185,6,126.4872685185185,59.347949972132646,59.21776935437077,0.09132085481498561,29,False,0,2712,234,92.8,13224.9
117,126.4872685185185,6,126.4872685185185,58.68045474644728,71.94635358844502,0.1187171112594813,30,False,0,2734,236,84.28,13309.2
118,126.4872685185185,6,126.4872685185185,56.10667915414741,57.95789938097081,0.1187171112594813,31,False,0,2756,238,90.35,13399.5
119,126.4872685185185,6,126.4872685185185,55.78359935666356,57.12133505588007,0.1187171112594813,32,False,0,2784,240,113.29,13512.8
120,126.4872685185185,6,126.4872685185185,54.69032717911434,40.73926991254718,0.1187171112594813,33,False,0,2806,242,79.27,13592.1
121,126.4872685185185,6,126.4872685185185,52.286329649732686,51.87251344221737,0.1187171112594813,34,False,0,2828,244,89.82,13681.9
122,126.4872685185185,6,126.4872685185185,57.298536405494424,49.61747804337443,0.1187171112594813,35,False,0,2850,246,89.1,13771.0
123,126.4872685185185,6,126.4872685185185,72.81201469141696,78.57245301551043,0.1187171112594813,36,False,0,2872,248,93.96,13865.0
124,126.4872685185185,6,126.4872685185185,66.85792839555329,74.42829769978101,0.1187171112594813,37,False,0,2900,250,111.12,13976.1
125,126.4872685185185,6,126.4872685185185,45.43413795650965,34.15395034486796,0.1187171112594813,38,False,0,2922,252,84.38,14060.5
126,126.4872685185185,6,126.4872685185185,60.49800063087673,71.08195957501063,0.1187171112594813,39,False,0,2944,254,95.31,14155.8
127,126.4872685185185,6,126.4872685185185,53.77941001561755,37.43055829862857,0.1187171112594813,40,False,3,2966,256,91.18,14247.0
128,126.4872685185185,6,126.4872685185185,53.69739732925635,48.464478923242126,0.1187171112594813,41,False,0,2988,258,82.6,14329.6
129,126.4872685185185,6,126.4872685185185,54.84944187171416,56.21784889249092,0.1187171112594813,42,False,0,3016,260,113.69,14443.3
130,126.4872685185185,6,126.4872685185185,41.91075136059746,33.26425762387464,0.1187171112594813,43,False,0,3038,262,77.24,14520.6
131,126.4872685185185,6,126.4872685185185,55.75505439503424,52.73314964624711,0.1187171112594813,44,False,0,3060,264,90.57,14611.1
132,126.4872685185185,6,126.4872685185185,62.58669084093639,79.42852389391624,0.1543322446373257,45,False,0,3082,266,91.97,14703.1
133,126.4872685185185,6,126.4872685185185,58.72805828314774,73.78916737723597,0.1543322446373257,46,False,0,3104,268,90.87,14794.0
134,126.4872685185185,6,126.4872685185185,47.245236595240094,40.84102683830648,0.1543322446373257,47,False,0,3132,270,106.0,14900.0
135,126.4872685185185,6,126.4872685185185,50.224644306740835,44.83681370845741,0.1543322446373257,48,False,0,3154,272,89.74,14989.7
136,126.4872685185185,6,126.4872685185185,60.912754846951664,68.1983375821841,0.1543322446373257,49,False,0,3176,274,95.48,15085.2
137,126.4872685185185,6,126.4872685185185,53.00564918919127,55.6733056035654,0.1543322446373257,50,False,0,3198,276,85.53,15170.8
138,126.4872685185185,6,126.4872685185185,53.35979855941426,51.3882128542044,0.1543322446373257,51,False,0,3220,278,97.27,15268.0
139,126.4872685185185,6,126.4872685185185,57.47748785737022,66.09141651690588,0.1543322446373257,52,False,0,3248,280,114.3,15382.3
140,126.4872685185185,6,126.4872685185185,46.26461741588832,32.01662317439674,0.1543322446373257,53,False,0,3270,282,83.61,15465.9
141,126.4872685185185,6,126.4872685185185,41.06619473890153,31.83690297120199,0.1543322446373257,54,False,0,3292,284,87.53,15553.5
142,126.4872685185185,6,126.4872685185185,48.17457981685809,39.26524166457222,0.1543322446373257,55,False,0,3314,286,85.91,15639.4
143,126.4872685185185,6,126.4872685185185,50.017652036135594,36.56262438192978,0.1543322446373257,56,False,0,3336,288,88.53,15727.9
144,126.4872685185185,6,126.4872685185185,54.914894687374705,60.42042893466404,0.1543322446373257,57,False,0,3364,290,114.97,15842.9
145,126.4872685185185,6,126.4872685185185,46.44853156098373,43.801123581364585,0.1543322446373257,58,False,0,3386,292,91.46,15934.4
146,126.4872685185185,6,126.4872685185185,61.882078467658054,68.99593668879729,0.1543322446373257,59,False,0,3408,294,95.57,16029.9
147,126.4872685185185,6,126.4872685185185,52.89285068842838,51.87462169015834,0.20063191802852343,60,False,0,3430,296,87.53,16117.5
148,126.4872685185185,6,126.4872685185185,38.23423122238054,31.852267373629502,0.20063191802852343,61,False,0,3452,298,84.31,16201.8
149,126.4872685185185,6,126.4872685185185,59.58942865337144,60.64586781149826,0.20063191802852343,62,False,0,3480,300,133.84,16335.6
150,126.4872685185185,6,126.4872685185185,41.65677580331329,38.67778290558311,0.20063191802852343,63,False,0,3502,302,78.58,16414.2
151,126.4872685185185,6,126.4872685185185,35.74687680408108,27.84419556857278,0.20063191802852343,64,False,0,3524,304,78.98,16493.2
152,126.4872685185185,6,126.4872685185185,32.53771533189183,23.832697289708715,0.20063191802852343,65,False,0,3546,306,72.89,16566.1
153,126.4872685185185,6,126.4872685185185,35.39164626869089,17.465862370555964,0.20063191802852343,66,False,0,3568,308,74.08,16640.2
154,126.4872685185185,6,126.4872685185185,36.75081887698862,19.329302403602554,0.20063191802852343,67,False,0,3596,310,110.49,16750.7
155,126.4872685185185,6,126.4872685185185,43.760637610779575,37.009423911542406,0.20063191802852343,68,False,0,3618,312,80.92,16831.6
156,126.4872685185185,6,126.4872685185185,44.796428823286526,34.89309727131943,0.20063191802852343,69,False,0,3640,314,88.51,16920.1
157,126.4872685185185,6,126.4872685185185,37.30149770008462,26.283237754377616,0.20063191802852343,70,False,0,3662,316,79.49,16999.6
158,126.4872685185185,6,126.4872685185185,49.268925692265775,31.372168918720842,0.20063191802852343,71,False,0,3684,318,83.31,17082.9
159,126.4872685185185,6,126.4872685185185,38.28331815091044,27.251563673202504,0.20063191802852343,72,False,0,3712,320,99.94,17182.8
160,126.4872685185185,6,126.4872685185185,44.24312838442342,37.47312008379013,0.20063191802852343,73,False,0,3734,322,90.29,17273.1
161,126.4872685185185,6,126.4872685185185,39.09215335644908,29.714651350410577,0.20063191802852343,74,False,0,3756,324,80.92,17354.1
162,126.4872685185185,6,126.4872685185185,42.23240531452784,43.90867579394791,0.26082149343708044,75,False,0,3778,326,86.0,17440.1
163,126.4872685185185,6,126.4872685185185,47.626142754039186,36.11557671190747,0.26082149343708044,76,False,0,3800,328,82.63,17522.7
164,126.4872685185185,6,126.4872685185185,50.03419744244521,55.67639958222664,0.26082149343708044,77,False,0,3828,330,116.12,17638.8
165,126.4872685185185,6,126.4872685185185,33.331908482412054,18.93772822482499,0.26082149343708044,78,False,0,3850,332,76.2,17715.0
166,126.4872685185185,6,126.4872685185185,37.010855604093116,18.71338981312057,0.26082149343708044,79,False,0,3872,334,75.04,17790.1
167,126.4872685185185,6,126.4872685185185,33.281785577079226,20.91795804115293,0.26082149343708044,80,False,3,3894,336,76.05,17866.1
168,126.4872685185185,6,126.4872685185185,37.654955852714444,33.022813606180925,0.26082149343708044,81,False,0,3916,338,80.07,17946.2
169,126.4872685185185,6,126.4872685185185,34.88687511821606,19.2817531011187,0.26082149343708044,82,False,0,3944,340,99.52,18045.7
170,126.4872685185185,6,126.4872685185185,34.01543269555724,12.364073509152472,0.26082149343708044,83,False,0,3966,342,71.95,18117.7
171,126.4872685185185,6,126.4872685185185,31.250685646442687,21.462801569612434,0.26082149343708044,84,False,0,3988,344,75.59,18193.3
172,126.4872685185185,6,126.4872685185185,30.326685898335995,16.500881830612702,0.26082149343708044,85,False,0,4010,346,71.86,18265.1
173,126.4872685185185,6,126.4872685185185,28.970630044520334,21.272164309069364,0.26082149343708044,86,False,0,4031,349,76.35,18341.5
174,126.4872685185185,6,126.4872685185185,36.16442675185066,21.49610826603466,0.26082149343708044,87,False,0,4059,351,109.75,18451.2
175,126.4872685185185,6,126.4872685185185,41.23574577148388,40.25852975230838,0.26082149343708044,88,False,0,4081,353,78.77,18530.0
176,126.4872685185185,6,126.4872685185185,28.424897843575888,13.046238372267707,0.26082149343708044,89,False,0,4103,355,75.18,18605.2
177,126.4872685185185,6,126.4872685185185,34.584224801278005,25.27523625086233,0.3,90,False,0,4125,357,73.87,18679.0
178,126.4872685185185,6,126.4872685185185,37.4372408754691,23.202406744066128,0.3,91,False,0,4147,359,86.31,18765.4
179,126.4872685185185,6,126.4872685185185,31.535398961368244,10.67042618839893,0.3,92,False,0,4175,361,103.53,18868.9
180,126.4872685185185,6,126.4872685185185,33.32919032648725,17.832680930317963,0.3,93,False,0,4197,363,68.94,18937.8
181,126.4872685185185,6,126.4872685185185,38.47334372934821,24.154180852972463,0.3,94,False,0,4218,366,77.79,19015.6
182,126.4872685185185,6,126.4872685185185,41.22027042236793,35.083038000731236,0.3,95,False,0,4240,368,75.14,19090.8
183,126.4872685185185,6,126.4872685185185,48.644348235240095,51.86847061012904,0.3,96,False,0,4262,370,90.49,19181.3
184,126.4872685185185,6,126.4872685185185,47.356416035686124,48.22021346739041,0.3,97,False,0,4290,372,121.13,19302.4
185,126.4872685185185,6,126.4872685185185,29.37921349411543,17.071829270670584,0.3,98,False,0,4312,374,76.91,19379.3
186,126.4872685185185,6,126.4872685185185,30.184089158104864,13.284742328909594,0.3,99,False,0,4334,376,77.91,19457.2
187,126.4872685185185,6,126.4872685185185,41.381092009100996,37.017279197336094,0.3,100,False,0,4356,378,83.78,19541.0
188,126.4872685185185,6,126.4872685185185,42.285332876131456,29.179188568492663,0.3,101,False,0,4378,380,77.58,19618.6
189,126.4872685185185,6,126.4872685185185,46.171670819574956,44.155534735071555,0.3,102,False,0,4406,382,107.98,19726.6
190,126.4872685185185,6,126.4872685185185,43.63994867341321,38.807355965736406,0.3,103,False,0,4428,384,80.24,19806.8
191,126.4872685185185,6,126.4872685185185,31.012789297171892,26.99100489949461,0.3,104,False,0,4450,386,72.78,19879.6
192,126.4872685185185,6,126.4872685185185,33.93640384179614,18.023116427762695,0.3,105,False,0,4472,388,85.89,19965.5
193,126.4872685185185,6,126.4872685185185,37.2320665146465,32.87432525222725,0.3,106,False,0,4494,390,84.16,20049.7
194,126.4872685185185,6,126.4872685185185,38.421029537221955,25.02510282562846,0.3,107,False,0,4522,392,119.35,20169.0
195,126.4872685185185,6,126.4872685185185,43.8638842382578,40.50162997470572,0.3,108,False,0,4544,394,90.88,20259.9
196,126.4872685185185,6,126.4872685185185,48.87594268580002,49.198221029497304,0.3,109,False,0,4566,396,96.77,20356.7
197,126.4872685185185,6,126.4872685185185,31.918180908151452,15.710682065606248,0.3,110,False,0,4588,398,78.75,20435.4
198,126.4872685185185,6,126.4872685185185,36.9920040577374,19.744685106259713,0.3,111,False,0,4610,400,84.87,20520.3
199,126.4872685185185,6,126.4872685185185,32.78149667237477,17.54801680450641,0.3,112,False,0,4638,402,108.43,20628.7
200,126.4872685185185,6,126.4872685185185,37.22267342305937,14.10708488808086,0.3,113,False,0,4660,404,75.49,20704.2
201,126.4872685185185,6,126.4872685185185,39.23944401881494,33.59519839538291,0.3,114,False,0,4682,406,72.59,20776.8
202,126.4872685185185,6,126.4872685185185,41.304737509662694,40.08397580732356,0.3,115,False,0,4704,408,86.34,20863.2
203,126.4872685185185,6,126.4872685185185,40.8818854343969,35.65931366927101,0.3,116,False,0,4726,410,83.62,20946.8
204,126.4872685185185,6,126.4872685185185,36.41623565762706,26.41043546488793,0.3,117,False,0,4754,412,103.58,21050.4
205,126.4872685185185,6,126.4872685185185,41.25069495393628,44.83998915122852,0.3,118,False,0,4776,414,87.65,21138.0
206,126.4872685185185,6,126.4872685185185,40.06227142707527,32.82800422174563,0.3,119,False,0,4798,416,86.08,21224.1
207,126.4872685185185,6,126.4872685185185,36.40902952266773,20.54423819517256,0.3,120,False,3,4820,418,73.73,21297.8
208,126.4872685185185,6,126.4872685185185,39.744536490678605,25.902296388642604,0.3,121,False,0,4842,420,70.74,21368.6
209,126.4872685185185,6,126.4872685185185,38.396353535531624,20.028445682382838,0.3,122,False,0,4870,422,102.13,21470.7
210,126.4872685185185,6,126.4872685185185,36.24005189714236,11.416570220458933,0.3,123,False,0,4892,424,73.42,21544.1
211,126.4872685185185,6,126.4872685185185,31.59128041619493,17.574875718664693,0.3,124,False,0,4914,426,77.59,21621.7
212,126.4872685185185,6,126.4872685185185,30.671526923743414,9.257750907488328,0.3,125,False,0,4936,428,80.51,21702.2
213,126.4872685185185,6,126.4872685185185,36.1952974278909,31.726072212996815,0.3,126,False,0,4958,430,79.53,21781.8
214,126.4872685185185,6,126.4872685185185,35.24433081778212,19.670601180648262,0.3,127,False,0,4986,432,101.63,21883.4
215,126.4872685185185,6,126.4872685185185,39.5471367399158,9.846112634717338,0.3,128,False,0,5008,434,82.68,21966.1
216,126.4872685185185,6,126.4872685185185,41.18302991274401,18.515112451771692,0.3,129,False,0,5030,436,81.24,22047.3
217,126.4872685185185,6,126.4872685185185,36.65086534690463,23.709014111185375,0.3,130,False,0,5052,438,78.26,22125.6
218,126.4872685185185,6,126.4872685185185,29.457084900299282,12.268011003811488,0.3,131,False,0,5074,440,69.31,22194.9
219,126.4872685185185,6,126.4872685185185,30.257196802414427,20.09091118803962,0.3,132,False,0,5102,442,98.9,22293.8
220,126.4872685185185,6,126.4872685185185,32.62392834918077,20.645769262747322,0.3,133,False,0,5124,444,74.43,22368.2
221,126.4872685185185,6,126.4872685185185,34.82787367667228,19.79971967844556,0.3,134,False,0,5146,446,69.05,22437.3
222,126.4872685185185,6,126.4872685185185,28.9477170379791,15.714324772871274,0.3,135,False,0,5168,448,76.34,22513.6
223,126.4872685185185,6,126.4872685185185,35.520444084183836,21.838882719949993,0.3,136,False,0,5190,450,76.68,22590.3
224,126.4872685185185,6,126.4872685185185,42.96125494403873,28.277646215647792,0.3,137,False,0,5218,452,107.61,22697.9
225,126.4872685185185,6,126.4872685185185,30.680392725397514,14.194038323144996,0.3,138,False,0,5239,455,61.46,22759.4
226,126.4872685185185,6,126.4872685185185,34.108191311174245,17.16040120633184,0.3,139,False,0,5261,457,72.22,22831.6
227,126.4872685185185,6,126.4872685185185,25.977920232512705,9.096574088003104,0.3,140,False,0,5283,459,61.88,22893.5
228,126.4872685185185,6,126.4872685185185,31.500776032353254,14.878442955140077,0.3,141,False,0,5305,461,71.81,22965.3
229,126.4872685185185,6,126.4872685185185,44.37289723554064,33.004956422452246,0.3,142,False,0,5333,463,107.47,23072.8
230,126.4872685185185,6,126.4872685185185,49.121018427378516,65.06020325249747,0.3,143,False,0,5355,465,78.88,23151.7
231,126.4872685185185,6,126.4872685185185,45.63664385235767,33.398932987624136,0.3,144,False,0,5377,467,75.0,23226.7
232,126.4872685185185,6,126.4872685185185,39.85105522919921,28.527700496261975,0.3,145,False,0,5399,469,77.56,23304.2
233,126.4872685185185,6,126.4872685185185,41.27152270201285,41.69806685936472,0.3,146,False,0,5421,471,89.78,23394.0
234,126.4872685185185,6,126.4872685185185,31.591412280285088,19.24565031362322,0.3,147,False,0,5449,473,103.21,23497.2
235,126.4872685185185,6,126.4872685185185,35.15141495725342,25.629458698665808,0.3,148,False,0,5471,475,82.63,23579.9
236,126.4872685185185,6,126.4872685185185,27.08939797931342,15.379015354948763,0.3,149,False,0,5493,477,79.11,23659.0
237,126.4872685185185,6,126.4872685185185,31.20580691550906,27.867039897539577,0.3,150,False,0,5515,479,77.99,23737.0
238,126.4872685185185,6,126.4872685185185,34.93256075328413,21.30175800262493,0.3,151,False,0,5537,481,72.88,23809.9
239,126.4872685185185,6,126.4872685185185,33.159421295288226,19.32294546780644,0.3,152,False,0,5565,483,113.26,23923.1
240,126.4872685185185,6,126.4872685185185,31.852505745750246,16.838504302925923,0.3,153,False,0,5587,485,71.94,23995.1
241,126.4872685185185,6,126.4872685185185,28.08908802458119,11.95184882378472,0.3,154,False,0,5609,487,67.35,24062.4
242,126.4872685185185,6,126.4872685185185,38.04435897025662,23.396167904987873,0.3,155,False,0,5631,489,80.12,24142.5
243,126.4872685185185,6,126.4872685185185,41.91661679754687,27.56478717665761,0.3,156,False,0,5653,491,76.51,24219.1
244,126.4872685185185,6,126.4872685185185,38.647871757729746,26.81350671764654,0.3,157,False,0,5681,493,98.72,24317.8
245,126.4872685185185,6,126.4872685185185,33.788719100694756,16.650439633000055,0.3,158,False,0,5703,495,76.73,24394.5
246,126.4872685185185,6,126.4872685185185,31.627102702526503,26.059918025678385,0.3,159,False,0,5725,497,75.29,24469.8
247,126.4872685185185,6,126.4872685185185,42.200214618181406,39.14003609709068,0.3,160,False,3,5747,499,92.75,24562.5
248,126.4872685185185,6,126.4872685185185,44.27792084378212,41.10146488177584,0.3,161,False,0,5769,501,85.85,24648.4
249,126.4872685185185,6,126.4872685185185,33.33282807226976,22.527886861579226,0.3,162,False,0,5797,503,102.78,24751.2
250,126.4872685185185,6,126.4872685185185,42.37608023559819,31.70486559377251,0.3,163,False,0,5819,505,78.45,24829.6
251,126.4872685185185,6,126.4872685185185,36.50893256582008,25.051310211811476,0.3,164,False,0,5841,507,75.01,24904.6
252,126.4872685185185,6,126.4872685185185,32.72932420880744,8.5349822590617,0.3,165,False,0,5863,509,78.26,24982.9
253,126.4872685185185,6,126.4872685185185,30.69110853542158,21.438683719065708,0.3,166,False,0,5885,511,81.65,25064.6
254,126.4872685185185,6,126.4872685185185,33.88602309278856,29.167765594343088,0.3,167,False,0,5913,513,108.75,25173.3
255,126.4872685185185,6,126.4872685185185,31.269616396083567,22.14446479629561,0.3,168,False,0,5935,515,79.49,25252.8
256,126.4872685185185,6,126.4872685185185,40.090109060376854,29.431390054766624,0.3,169,False,0,5957,517,79.12,25331.9
257,126.4872685185185,6,126.4872685185185,36.54836097114164,19.65358401699263,0.3,170,False,0,5979,519,75.69,25407.6
258,126.4872685185185,6,126.4872685185185,38.12655966643883,27.84783539840419,0.3,171,False,0,6001,521,78.96,25486.6
259,126.4872685185185,6,126.4872685185185,42.34494291380818,36.02024177325935,0.3,172,False,0,6029,523,94.68,25581.3
260,126.4872685185185,6,126.4872685185185,43.338630671523504,37.103149023578275,0.3,173,False,0,6051,525,84.37,25665.6
261,126.4872685185185,6,126.4872685185185,31.273609961487992,5.287147384088768,0.3,174,False,0,6073,527,69.72,25735.4
262,126.4872685185185,6,126.4872685185185,29.5175993571835,14.293766073414986,0.3,175,False,0,6095,529,72.69,25808.0
263,126.4872685185185,6,126.4872685185185,30.107648608572873,13.514404645992371,0.3,176,False,0,6117,531,72.55,25880.6
264,126.4872685185185,6,126.4872685185185,34.641739186472954,14.34046089089068,0.3,177,False,0,6145,533,97.08,25977.7
265,126.4872685185185,6,126.4872685185185,31.578662614164013,20.40930460338984,0.3,178,False,0,6167,535,70.1,26047.8
266,126.4872685185185,6,126.4872685185185,39.590527153511985,30.169898257227548,0.3,179,False,0,6189,537,82.94,26130.7
267,126.4872685185185,6,126.4872685185185,33.864859894788516,24.86069044455822,0.3,180,False,0,6211,539,81.91,26212.6
268,126.4872685185185,6,126.4872685185185,33.09167888494393,13.316227066272734,0.3,181,False,0,6233,541,78.3,26290.9
269,126.4872685185185,6,126.4872685185185,26.2032798156897,14.123540813181584,0.3,182,False,0,6261,543,98.73,26389.7
270,126.4872685185185,6,126.4872685185185,38.31426044171783,25.251758057578716,0.3,183,False,0,6283,545,78.41,26468.1
271,126.4872685185185,6,126.4872685185185,32.84226942708303,19.77899061260793,0.3,184,False,0,6305,547,69.64,26537.7
272,126.4872685185185,6,126.4872685185185,40.332010826508444,31.920491890001294,0.3,185,False,0,6327,549,76.82,26614.6
273,126.4872685185185,6,126.4872685185185,36.63905575556067,20.363261870441676,0.3,186,False,0,6349,551,68.98,26683.5
274,126.4872685185185,6,126.4872685185185,41.124075459596796,16.442106074284577,0.3,187,False,0,6377,553,101.21,26784.7
275,126.4872685185185,6,126.4872685185185,41.44886646218898,29.845678561172967,0.3,188,False,0,6399,555,80.07,26864.8
276,126.4872685185185,6,126.4872685185185,37.20893186465138,30.37065344165008,0.3,189,False,0,6421,557,76.37,26941.2
277,126.4872685185185,6,126.4872685185185,47.869790354262314,40.88045467528898,0.3,190,False,0,6443,559,80.32,27021.5
